{"mean": -28.888856887817383, "std": 15.103943824768066}